{"architecture":"amd64","author":"Rocket.Chat Team \u003cbuildmaster@rocket.chat\u003e","config":{"Hostname":"e11aa17d2971","Domainname":"","User":"hubot","AttachStdin":false,"AttachStdout":false,"AttachStderr":false,"Tty":false,"OpenStdin":false,"StdinOnce":false,"Env":["PATH=/usr/local/sbin:/usr/local/bin:/usr/sbin:/usr/bin:/sbin:/bin","NPM_CONFIG_LOGLEVEL=info","NODE_VERSION=4.8.3","YARN_VERSION=0.24.4","BOT_NAME=rocketbot","BOT_OWNER=No owner specified","BOT_DESC=Hubot with rocketbot adapter","EXTERNAL_SCRIPTS=hubot-diagnostics,hubot-help,hubot-google-images,hubot-google-translate,hubot-pugme,hubot-maps,hubot-rules,hubot-shipit"],"Cmd":["/bin/sh","-c","node -e \"console.log(JSON.stringify('$EXTERNAL_SCRIPTS'.split(',')))\" \u003e external-scripts.json \u0026\u0026 \tnpm install $(node -e \"console.log('$EXTERNAL_SCRIPTS'.split(',').join(' '))\") \u0026\u0026 \tbin/hubot -n $BOT_NAME -a rocketchat"],"ArgsEscaped":true,"Image":"sha256:a43c7bd1b6f80f754657e408e3b6fef51698235929a593ebd8aecd1ef6e59079","Volumes":null,"WorkingDir":"/home/hubot","Entrypoint":null,"OnBuild":[],"Labels":{}},"container":"1bde651139e89b2788dea646febefe27f037c3d5bcc8fb7782d1f4bbddd8da4a","container_config":{"Hostname":"e11aa17d2971","Domainname":"","User":"hubot","AttachStdin":false,"AttachStdout":false,"AttachStderr":false,"Tty":false,"OpenStdin":false,"StdinOnce":false,"Env":["PATH=/usr/local/sbin:/usr/local/bin:/usr/sbin:/usr/bin:/sbin:/bin","NPM_CONFIG_LOGLEVEL=info","NODE_VERSION=4.8.3","YARN_VERSION=0.24.4","BOT_NAME=rocketbot","BOT_OWNER=No owner specified","BOT_DESC=Hubot with rocketbot adapter","EXTERNAL_SCRIPTS=hubot-diagnostics,hubot-help,hubot-google-images,hubot-google-translate,hubot-pugme,hubot-maps,hubot-rules,hubot-shipit"],"Cmd":["/bin/sh","-c","#(nop) ","CMD [\"/bin/sh\" \"-c\" \"node -e \\\"console.log(JSON.stringify('$EXTERNAL_SCRIPTS'.split(',')))\\\" \u003e external-scripts.json \u0026\u0026 \\tnpm install $(node -e \\\"console.log('$EXTERNAL_SCRIPTS'.split(',').join(' '))\\\") \u0026\u0026 \\tbin/hubot -n $BOT_NAME -a rocketchat\"]"],"ArgsEscaped":true,"Image":"sha256:a43c7bd1b6f80f754657e408e3b6fef51698235929a593ebd8aecd1ef6e59079","Volumes":null,"WorkingDir":"/home/hubot","Entrypoint":null,"OnBuild":[],"Labels":{}},"created":"2017-08-07T19:29:51.190397304Z","docker_version":"17.03.1-ee-2","history":[{"created":"2017-06-20T20:13:32.945602158Z","created_by":"/bin/sh -c #(nop) ADD file:9c48682ff75c756544d4491472081a078edf5dd0bb5038d1cb850a1f9c480e3e in / "},{"created":"2017-06-20T20:13:34.053952928Z","created_by":"/bin/sh -c #(nop)  CMD [\"bash\"]","empty_layer":true},{"created":"2017-06-20T21:03:33.790772386Z","created_by":"/bin/sh -c apt-get update \u0026\u0026 apt-get install -y --no-install-recommends \t\tca-certificates \t\tcurl \t\twget \t\u0026\u0026 rm -rf /var/lib/apt/lists/*"},{"created":"2017-06-20T21:06:21.673762963Z","created_by":"/bin/sh -c apt-get update \u0026\u0026 apt-get install -y --no-install-recommends \t\tbzr \t\tgit \t\tmercurial \t\topenssh-client \t\tsubversion \t\t\t\tprocps \t\u0026\u0026 rm -rf /var/lib/apt/lists/*"},{"created":"2017-06-20T21:09:42.326408224Z","created_by":"/bin/sh -c set -ex; \tapt-get update; \tapt-get install -y --no-install-recommends \t\tautoconf \t\tautomake \t\tbzip2 \t\tfile \t\tg++ \t\tgcc \t\timagemagick \t\tlibbz2-dev \t\tlibc6-dev \t\tlibcurl4-openssl-dev \t\tlibdb-dev \t\tlibevent-dev \t\tlibffi-dev \t\tlibgdbm-dev \t\tlibgeoip-dev \t\tlibglib2.0-dev \t\tlibjpeg-dev \t\tlibkrb5-dev \t\tliblzma-dev \t\tlibmagickcore-dev \t\tlibmagickwand-dev \t\tlibncurses-dev \t\tlibpng-dev \t\tlibpq-dev \t\tlibreadline-dev \t\tlibsqlite3-dev \t\tlibssl-dev \t\tlibtool \t\tlibwebp-dev \t\tlibxml2-dev \t\tlibxslt-dev \t\tlibyaml-dev \t\tmake \t\tpatch \t\txz-utils \t\tzlib1g-dev \t\t\t\t$( \t\t\tif apt-cache show 'default-libmysqlclient-dev' 2\u003e/dev/null | grep -q '^Version:'; then \t\t\t\techo 'default-libmysqlclient-dev'; \t\t\telse \t\t\t\techo 'libmysqlclient-dev'; \t\t\tfi \t\t) \t; \trm -rf /var/lib/apt/lists/*"},{"created":"2017-06-23T00:57:55.650038557Z","created_by":"/bin/sh -c groupadd --gid 1000 node   \u0026\u0026 useradd --uid 1000 --gid node --shell /bin/bash --create-home node"},{"created":"2017-06-23T00:58:00.465742117Z","created_by":"/bin/sh -c set -ex   \u0026\u0026 for key in     9554F04D7259F04124DE6B476D5A82AC7E37093B     94AE36675C464D64BAFA68DD7434390BDBE9B9C5     FD3A5288F042B6850C66B31F09FE44734EB7990E     71DCFD284A79C3B38668286BC97EC7A07EDE3FC1     DD8F2338BAE7501E3DD5AC78C273792F7D83545D     B9AE9905FFD7803F25714661B63B535A4C206CA9     C4F0DFFF4E8C1A8236409D08E73BC641CC11F4C8     56730D5401028683275BD23C23EFEFE93C4CFFFE   ; do     gpg --keyserver pgp.mit.edu --recv-keys \"$key\" ||     gpg --keyserver keyserver.pgp.com --recv-keys \"$key\" ||     gpg --keyserver ha.pool.sks-keyservers.net --recv-keys \"$key\" ;   done"},{"created":"2017-06-23T00:58:01.288803977Z","created_by":"/bin/sh -c #(nop)  ENV NPM_CONFIG_LOGLEVEL=info","empty_layer":true},{"created":"2017-06-23T01:05:40.288735302Z","created_by":"/bin/sh -c #(nop)  ENV NODE_VERSION=4.8.3","empty_layer":true},{"created":"2017-06-23T01:05:45.201906445Z","created_by":"/bin/sh -c curl -SLO \"https://nodejs.org/dist/v$NODE_VERSION/node-v$NODE_VERSION-linux-x64.tar.xz\"   \u0026\u0026 curl -SLO --compressed \"https://nodejs.org/dist/v$NODE_VERSION/SHASUMS256.txt.asc\"   \u0026\u0026 gpg --batch --decrypt --output SHASUMS256.txt SHASUMS256.txt.asc   \u0026\u0026 grep \" node-v$NODE_VERSION-linux-x64.tar.xz\\$\" SHASUMS256.txt | sha256sum -c -   \u0026\u0026 tar -xJf \"node-v$NODE_VERSION-linux-x64.tar.xz\" -C /usr/local --strip-components=1   \u0026\u0026 rm \"node-v$NODE_VERSION-linux-x64.tar.xz\" SHASUMS256.txt.asc SHASUMS256.txt   \u0026\u0026 ln -s /usr/local/bin/node /usr/local/bin/nodejs"},{"created":"2017-06-23T01:05:46.252286634Z","created_by":"/bin/sh -c #(nop)  ENV YARN_VERSION=0.24.4","empty_layer":true},{"created":"2017-06-23T01:05:50.901549982Z","created_by":"/bin/sh -c set -ex   \u0026\u0026 for key in     6A010C5166006599AA17F08146C2130DFD2497F5   ; do     gpg --keyserver pgp.mit.edu --recv-keys \"$key\" ||     gpg --keyserver keyserver.pgp.com --recv-keys \"$key\" ||     gpg --keyserver ha.pool.sks-keyservers.net --recv-keys \"$key\" ;   done   \u0026\u0026 curl -fSLO --compressed \"https://yarnpkg.com/downloads/$YARN_VERSION/yarn-v$YARN_VERSION.tar.gz\"   \u0026\u0026 curl -fSLO --compressed \"https://yarnpkg.com/downloads/$YARN_VERSION/yarn-v$YARN_VERSION.tar.gz.asc\"   \u0026\u0026 gpg --batch --verify yarn-v$YARN_VERSION.tar.gz.asc yarn-v$YARN_VERSION.tar.gz   \u0026\u0026 mkdir -p /opt/yarn   \u0026\u0026 tar -xzf yarn-v$YARN_VERSION.tar.gz -C /opt/yarn --strip-components=1   \u0026\u0026 ln -s /opt/yarn/bin/yarn /usr/local/bin/yarn   \u0026\u0026 ln -s /opt/yarn/bin/yarn /usr/local/bin/yarnpkg   \u0026\u0026 rm yarn-v$YARN_VERSION.tar.gz.asc yarn-v$YARN_VERSION.tar.gz"},{"created":"2017-06-23T01:05:51.817061529Z","created_by":"/bin/sh -c #(nop)  CMD [\"node\"]","empty_layer":true},{"created":"2017-08-07T19:26:15.34374059Z","author":"Rocket.Chat Team \u003cbuildmaster@rocket.chat\u003e","created_by":"/bin/sh -c #(nop)  MAINTAINER Rocket.Chat Team \u003cbuildmaster@rocket.chat\u003e","empty_layer":true},{"created":"2017-08-07T19:29:07.869728098Z","author":"Rocket.Chat Team \u003cbuildmaster@rocket.chat\u003e","created_by":"/bin/sh -c npm install -g coffee-script yo generator-hubot  \u0026\u0026  \tuseradd hubot -m"},{"created":"2017-08-07T19:29:09.041128575Z","author":"Rocket.Chat Team \u003cbuildmaster@rocket.chat\u003e","created_by":"/bin/sh -c #(nop)  USER [hubot]","empty_layer":true},{"created":"2017-08-07T19:29:09.196575492Z","author":"Rocket.Chat Team \u003cbuildmaster@rocket.chat\u003e","created_by":"/bin/sh -c #(nop) WORKDIR /home/hubot","empty_layer":true},{"created":"2017-08-07T19:29:09.3288055Z","author":"Rocket.Chat Team \u003cbuildmaster@rocket.chat\u003e","created_by":"/bin/sh -c #(nop)  ENV BOT_NAME=rocketbot","empty_layer":true},{"created":"2017-08-07T19:29:09.455846449Z","author":"Rocket.Chat Team \u003cbuildmaster@rocket.chat\u003e","created_by":"/bin/sh -c #(nop)  ENV BOT_OWNER=No owner specified","empty_layer":true},{"created":"2017-08-07T19:29:09.579581072Z","author":"Rocket.Chat Team \u003cbuildmaster@rocket.chat\u003e","created_by":"/bin/sh -c #(nop)  ENV BOT_DESC=Hubot with rocketbot adapter","empty_layer":true},{"created":"2017-08-07T19:29:09.695690379Z","author":"Rocket.Chat Team \u003cbuildmaster@rocket.chat\u003e","created_by":"/bin/sh -c #(nop)  ENV EXTERNAL_SCRIPTS=hubot-diagnostics,hubot-help,hubot-google-images,hubot-google-translate,hubot-pugme,hubot-maps,hubot-rules,hubot-shipit","empty_layer":true},{"created":"2017-08-07T19:29:43.310088265Z","author":"Rocket.Chat Team \u003cbuildmaster@rocket.chat\u003e","created_by":"/bin/sh -c yo hubot --owner=\"$BOT_OWNER\" --name=\"$BOT_NAME\" --description=\"$BOT_DESC\" --defaults \u0026\u0026 \tsed -i /heroku/d ./external-scripts.json \u0026\u0026 \tsed -i /redis-brain/d ./external-scripts.json \u0026\u0026 \tnpm install hubot-scripts"},{"created":"2017-08-07T19:29:43.740401521Z","author":"Rocket.Chat Team \u003cbuildmaster@rocket.chat\u003e","created_by":"/bin/sh -c #(nop) ADD dir:54179bb5c4cba2e889063f48822d7b55ab4249e6278f23246ed39e2a4fc79c9f in /home/hubot/node_modules/hubot-rocketchat "},{"created":"2017-08-07T19:29:43.869259174Z","author":"Rocket.Chat Team \u003cbuildmaster@rocket.chat\u003e","created_by":"/bin/sh -c #(nop)  USER [root]","empty_layer":true},{"created":"2017-08-07T19:29:44.542771457Z","author":"Rocket.Chat Team \u003cbuildmaster@rocket.chat\u003e","created_by":"/bin/sh -c chown hubot:hubot -R /home/hubot/node_modules/hubot-rocketchat"},{"created":"2017-08-07T19:29:44.665275022Z","author":"Rocket.Chat Team \u003cbuildmaster@rocket.chat\u003e","created_by":"/bin/sh -c #(nop)  USER [hubot]","empty_layer":true},{"created":"2017-08-07T19:29:51.062571819Z","author":"Rocket.Chat Team \u003cbuildmaster@rocket.chat\u003e","created_by":"/bin/sh -c cd /home/hubot/node_modules/hubot-rocketchat \u0026\u0026 \tnpm install \u0026\u0026 \tcoffee -c /home/hubot/node_modules/hubot-rocketchat/src/*.coffee \u0026\u0026 \tcd /home/hubot"},{"created":"2017-08-07T19:29:51.190397304Z","author":"Rocket.Chat Team \u003cbuildmaster@rocket.chat\u003e","created_by":"/bin/sh -c #(nop)  CMD [\"/bin/sh\" \"-c\" \"node -e \\\"console.log(JSON.stringify('$EXTERNAL_SCRIPTS'.split(',')))\\\" \u003e external-scripts.json \u0026\u0026 \\tnpm install $(node -e \\\"console.log('$EXTERNAL_SCRIPTS'.split(',').join(' '))\\\") \u0026\u0026 \\tbin/hubot -n $BOT_NAME -a rocketchat\"]","empty_layer":true}],"os":"linux","rootfs":{"type":"layers","diff_ids":["sha256:0d960f1d4fba2435d731fee5d1e68e25058bc1b22921bb95dbab98149548ce9e","sha256:71ce2dc7f761b5e268be62377c98a65e3eb12ca2846ab40168d9cbc99ede69e0","sha256:dcd61d2ac5310ddae9de079ffd84674409545224cc6569a66f4258ccb27cf6c2","sha256:62068e02da2056e2a034046382b69b02de1f796bbba2f1273b44d207f5ba3d0c","sha256:e5709c2ffd7b053108abeaa29bf4a5fdbf9826401f01d314b33b4f5fa147452a","sha256:4b948d039c4c41687bcdcc484b7666310d3a92a412339e30f14b44b1d123048e","sha256:af90471336ab06dd210892804b31654b174aacbaf167ff2e9692b9be3ed938bc","sha256:696218cc918178d4b4347ba7c47f4dcf0d22321c1319032863b942b7f7ffd3f1","sha256:195450ce7a2c60a8695e93a4d265e8fab91eee48d68bcb0b41337ae3e4d32a76","sha256:04bdec04ef73bac59ec3424c0c3fde3e23201d3858b83776cdc5efb1b0671e5d","sha256:d2140097663a1544b12382b32e61d4ec3e362a1630be32526092fde1fa03b1fd","sha256:b096bec619160b6b45570cbcde0b43ba495ceb352a21aab14cb12dff6c173884","sha256:d6b05f68b31cea166ced21af79c2c89788bf8989d51eafa93f5533191fd9b251"]}}